source_batch_id,store_code,sku,business_date,sold_qty,was_stockout,is_open
B02-2026-10-09,DEMO1,SKU01,2026-10-09,2,0,1
B02-2026-10-09,DEMO1,SKU02,2026-10-09,25,0,1
B02-2026-10-09,DEMO1,SKU03,2026-10-09,0,0,1
B02-2026-10-09,DEMO1,SKU04,2026-10-09,0,0,1
B02-2026-10-09,DEMO1,SKU05,2026-10-09,0,0,1
B02-2026-10-09,DEMO1,SKU06,2026-10-09,0,0,1
B02-2026-10-09,DEMO1,SKU07,2026-10-09,0,0,1
B02-2026-10-09,DEMO1,SKU08,2026-10-09,0,0,1
B02-2026-10-09,DEMO1,SKU09,2026-10-09,0,0,1
B02-2026-10-09,DEMO1,SKU10,2026-10-09,0,0,1
